"Txhash","UnixTimestamp","DateTime","From","To","Value","ContractAddress","TokenName","TokenSymbol"
"0xcdd99ffc22665ba8a18b4360ce592dd3f3083981421efe72d7a4e71eb1d91f3b","1638805403","2021-12-06 15:43:23","0x6c4cd639a31c658549824559ecc2d04bed1a9ab9","0x208b02f98d36983982ea9c0cdc6b3208e0f198a3","25,000","0xdac17f958d2ee523a2206206994597c13d831ec7","Tether USD","USDT",""
"0x77048bc0948df577b695e098e5020a9bebf0e5f64723843a09816b2c607f8597","1638805636","2021-12-06 15:47:16","0xa542e3cdd21841ccbcca70017101eb6a2fc68723","0x208b02f98d36983982ea9c0cdc6b3208e0f198a3","25,000","0xdac17f958d2ee523a2206206994597c13d831ec7","Tether USD","USDT",""
"0x3f580a57a552243f22413edf2dbaa6897a242cf8252ebcaa3eddefdf22747b0b","1638806190","2021-12-06 15:56:30","0x744ce174630f8a63c0ac161e222e44954bb9ce52","0x208b02f98d36983982ea9c0cdc6b3208e0f198a3","110,000","0xdac17f958d2ee523a2206206994597c13d831ec7","Tether USD","USDT",""
"0xa936a1f0ed3e85667d6d26c4c86b20dc3f902b3e020938a20f6ab5a052e0643b","1638806610","2021-12-06 16:03:30","0x7aebdd84821190c1cfcace051e87913ae5d67439","0x208b02f98d36983982ea9c0cdc6b3208e0f198a3","10,000","0xdac17f958d2ee523a2206206994597c13d831ec7","Tether USD","USDT",""
"0x5bc3f097b07243427c5ddeed89e636ff84efe0974105e20af73a61dd58031b76","1638807443","2021-12-06 16:17:23","0xcf57a3b1c076838116731fde404492d9d168747a","0x208b02f98d36983982ea9c0cdc6b3208e0f198a3","10,026","0xdac17f958d2ee523a2206206994597c13d831ec7","Tether USD","USDT",""
"0x546fa027e08be9d835b94f965e3053aac2963151a22704101c4737a1814ac952","1638810269","2021-12-06 17:04:29","0x21130c9b9d00bcb6cdaf24d0e85809cf96251f35","0x208b02f98d36983982ea9c0cdc6b3208e0f198a3","10,031.946453","0xdac17f958d2ee523a2206206994597c13d831ec7","Tether USD","USDT",""
"0xcf8115d58d16c27c33d7426b02c45654ce70fc9ba45a3a1895d8033a55be4f16","1638811141","2021-12-06 17:19:01","0x21c69ab0962fabd811b1f376ef85f5cae5317eb2","0x208b02f98d36983982ea9c0cdc6b3208e0f198a3","10,000","0xdac17f958d2ee523a2206206994597c13d831ec7","Tether USD","USDT",""
"0x8572a9f7a0cbae6a4cd29d5d4cf743038d296c2152cdcbe2b4eed26c344da3df","1638811974","2021-12-06 17:32:54","0x77335205eb73c00214bdb38b66bc353a892b9da7","0x208b02f98d36983982ea9c0cdc6b3208e0f198a3","10,000","0xdac17f958d2ee523a2206206994597c13d831ec7","Tether USD","USDT",""
"0xb8bb1805299b24d040f0ec15a966332a0a4e02fc8925eda4136d9b9c9e9618a6","1638813658","2021-12-06 18:00:58","0x8595f8141e90fcf6ee17c85142fd03d3138a6198","0x208b02f98d36983982ea9c0cdc6b3208e0f198a3","30,000","0xdac17f958d2ee523a2206206994597c13d831ec7","Tether USD","USDT",""
"0x3e672f34f8dd90313ac18d8a0475f45e52f632630f3a39a46456f7002ccaf908","1638815480","2021-12-06 18:31:20","0x256b09f7ae7d5fec8c8ac77184ca09f867bbbf4c","0x208b02f98d36983982ea9c0cdc6b3208e0f198a3","15,000","0xdac17f958d2ee523a2206206994597c13d831ec7","Tether USD","USDT",""
"0x7dfdf4ad0b0fc409592d8c5178df344a1b2decf1a78c264cde99a44f0a208738","1638815853","2021-12-06 18:37:33","0x6acb64a76e62d433a9bdcb4eea8343be8b3bef48","0x208b02f98d36983982ea9c0cdc6b3208e0f198a3","10,000","0xdac17f958d2ee523a2206206994597c13d831ec7","Tether USD","USDT",""
"0xfe7a6daacceb230d26cc96fe7fa2ed700a4fceecfc54f9f2f9589239d4b54373","1638817610","2021-12-06 19:06:50","0x55e9762e2aa135584969dcd6a7d550a0faadbcd6","0x208b02f98d36983982ea9c0cdc6b3208e0f198a3","10,000","0xdac17f958d2ee523a2206206994597c13d831ec7","Tether USD","USDT",""
"0xcc9a32779bec905076906fb9c4e7ed701fc5de780036985dbe6df678c7a3a13d","1638817988","2021-12-06 19:13:08","0x9e0ed477f110cb75453181cd4261d40fa7396056","0x208b02f98d36983982ea9c0cdc6b3208e0f198a3","15,500","0xdac17f958d2ee523a2206206994597c13d831ec7","Tether USD","USDT",""
"0x052a7cebed7b0f0a3b71f22b842aa3274205d5071a33c60e1bcde3e6d314afa7","1638819485","2021-12-06 19:38:05","0xd50a9175ff32345270611378942490ad9355946b","0x208b02f98d36983982ea9c0cdc6b3208e0f198a3","10,000","0xdac17f958d2ee523a2206206994597c13d831ec7","Tether USD","USDT",""
"0xfcfca322395be1b2bdd1bad8d31b3af02bf57fe96ff415a2977e190ae5adec8b","1638824730","2021-12-06 21:05:30","0xe144e7e3948dca4ad395794031a0289a83b150a0","0x208b02f98d36983982ea9c0cdc6b3208e0f198a3","20,000.01","0xdac17f958d2ee523a2206206994597c13d831ec7","Tether USD","USDT",""
"0xc55812ff18799bf3ae88fa53abea31ce5ffab0021d833efecb4a0737a5bf7fe5","1638825152","2021-12-06 21:12:32","0x0b4d6032be01bf08610d35d219cda708ce2687e1","0x208b02f98d36983982ea9c0cdc6b3208e0f198a3","15,000","0xdac17f958d2ee523a2206206994597c13d831ec7","Tether USD","USDT",""
"0xc826fdce9c6d6e5b848366c2c99ed471a03157eebf087bab513309d3c0f7f071","1638825796","2021-12-06 21:23:16","0xf75b052036db7d90d18c10c06d3535f0fc3a4b74","0x208b02f98d36983982ea9c0cdc6b3208e0f198a3","30,001","0xdac17f958d2ee523a2206206994597c13d831ec7","Tether USD","USDT",""
"0xa9f623e3f37e43acc88d0a002f920e8d94a0dc493b908a52cc3384b00d95659d","1638831961","2021-12-06 23:06:01","0x9b3f13c74f5ae0437f9f5675449b42b4b84d0e3a","0x208b02f98d36983982ea9c0cdc6b3208e0f198a3","10,104.863464","0xdac17f958d2ee523a2206206994597c13d831ec7","Tether USD","USDT",""
"0x1ceb891a37865a5d5378ae60b30f779e79a06542b113fb08f30b08446c5a1233","1638835150","2021-12-06 23:59:10","0x61b3c4c9dc16b686ed396319d48586f40c1f74e9","0x208b02f98d36983982ea9c0cdc6b3208e0f198a3","10,000","0xdac17f958d2ee523a2206206994597c13d831ec7","Tether USD","USDT",""
"0x79fc577059790ef0cf86d2d8b0664a1b959c6aa4373b870f82370497e02d8699","1638839884","2021-12-07 01:18:04","0x3cb704a5fb4428796b728df7e4cbc67bca1497ae","0x208b02f98d36983982ea9c0cdc6b3208e0f198a3","10,000","0xdac17f958d2ee523a2206206994597c13d831ec7","Tether USD","USDT",""
"0xb6fb728f0d03b7169c192b0ccef84b0fee824a1da3f0c69a3913f89db8572e77","1638856670","2021-12-07 05:57:50","0xf2f62b5c7b3395b0ace219d1b91d8083f8394720","0x208b02f98d36983982ea9c0cdc6b3208e0f198a3","20,000","0xdac17f958d2ee523a2206206994597c13d831ec7","Tether USD","USDT",""
"0x549b046deab3e696bff3858cbca52e29ee03d4a84c315f54e0dc3571f0921bbd","1638859985","2021-12-07 06:53:05","0x35e3c412286d59af71ba5836ce6017e416acf8bc","0x208b02f98d36983982ea9c0cdc6b3208e0f198a3","10,000","0xdac17f958d2ee523a2206206994597c13d831ec7","Tether USD","USDT",""
"0x595162650730c0193564131a0bd97cdffd6b540aca242995c3b40b48bc59db56","1638860459","2021-12-07 07:00:59","0x65bba95af97029e5ae3e01a10cd4752966e058ef","0x208b02f98d36983982ea9c0cdc6b3208e0f198a3","10,010","0xdac17f958d2ee523a2206206994597c13d831ec7","Tether USD","USDT",""
"0xf74f998c46197b96fc5a2093859e318d3267cadcf99f696305ae903e9300ba83","1638861877","2021-12-07 07:24:37","0xcfb7f0d9223c6684ee105b9b7efb3a221b2432d6","0x208b02f98d36983982ea9c0cdc6b3208e0f198a3","31,000","0xdac17f958d2ee523a2206206994597c13d831ec7","Tether USD","USDT",""
"0x12352bcb835f56582343cdd696b9ee0827bed8016995647df20d40f12619471f","1638862735","2021-12-07 07:38:55","0x0be82fe1422d6d5ca74fd73a37a6c89636235b25","0x208b02f98d36983982ea9c0cdc6b3208e0f198a3","11,000","0xdac17f958d2ee523a2206206994597c13d831ec7","Tether USD","USDT",""
"0x5650bf92c11442918b16e2019b059aff68265a2d8a787f6e81313acd1c227b01","1638863934","2021-12-07 07:58:54","0x125eae40d9898610c926bb5fcee9529d9ac885af","0x208b02f98d36983982ea9c0cdc6b3208e0f198a3","10,000","0xdac17f958d2ee523a2206206994597c13d831ec7","Tether USD","USDT",""
"0x9c24dc0dd9688a9b548ff593c42f947d62931094e4220bb31d3844442d29a3d4","1638866305","2021-12-07 08:38:25","0xff8994c6a99a44b708dea64897de7e4dd0fb3939","0x208b02f98d36983982ea9c0cdc6b3208e0f198a3","10,000","0xdac17f958d2ee523a2206206994597c13d831ec7","Tether USD","USDT",""
"0xf30d607466153a16b77f330f3f1f27727ec0cb40bf2269fa1e4b76e083e4e986","1638868419","2021-12-07 09:13:39","0x355e03d40211cc6b6d18ce52278e91566ff29839","0x208b02f98d36983982ea9c0cdc6b3208e0f198a3","10,000","0xdac17f958d2ee523a2206206994597c13d831ec7","Tether USD","USDT",""
"0x060f1257fc8f10a543024e5e8cedc51982f02bcb191d8cd5f0365dedd6419b03","1638868764","2021-12-07 09:19:24","0x7777515751843e7cdcc47e10833e159c47777777","0x208b02f98d36983982ea9c0cdc6b3208e0f198a3","50,000","0xdac17f958d2ee523a2206206994597c13d831ec7","Tether USD","USDT",""
"0x0a200cb34eea519cf0042efdcba5db5e97de991715fba7da66afd9028ba75555","1638869753","2021-12-07 09:35:53","0x710a169b822bf51b8f8e6538c63ded200932bb29","0x208b02f98d36983982ea9c0cdc6b3208e0f198a3","10,000","0xdac17f958d2ee523a2206206994597c13d831ec7","Tether USD","USDT",""
"0xd4dca272be220ca2696185a8d105ca7bf182dc245b41ae9855703e30c09f4029","1638870148","2021-12-07 09:42:28","0x90b251964554493d24b251d5c357b601aeb32eb9","0x208b02f98d36983982ea9c0cdc6b3208e0f198a3","10,000","0xdac17f958d2ee523a2206206994597c13d831ec7","Tether USD","USDT",""
"0xe21946df640b871ace9d9c1c63741598de9927540b585dfaeb0e3b26ae224233","1638870420","2021-12-07 09:47:00","0x2220d8b0539cb4613a5112856a9b192b380be37f","0x208b02f98d36983982ea9c0cdc6b3208e0f198a3","10,048","0xdac17f958d2ee523a2206206994597c13d831ec7","Tether USD","USDT",""
"0x9b65a4c8545f7634d3efe5d3de446871485a9aecfff2a241fa9fc05af35d09cf","1638870768","2021-12-07 09:52:48","0xedf32b8f98d464b9eb29c74202e6baae28134fc7","0x208b02f98d36983982ea9c0cdc6b3208e0f198a3","10,100","0xdac17f958d2ee523a2206206994597c13d831ec7","Tether USD","USDT",""
"0x5a06dffa719ec3684ab74b04e59ac4661a148b616af1fe10eefdd78e589419f4","1638872125","2021-12-07 10:15:25","0xf6168297046ca6fa514834c30168e63a47256af4","0x208b02f98d36983982ea9c0cdc6b3208e0f198a3","12,000","0xdac17f958d2ee523a2206206994597c13d831ec7","Tether USD","USDT",""
"0x5e097858a606cd41028126acc4909185a6945a059e85b75b42ab2b42499745ab","1638873332","2021-12-07 10:35:32","0xf18210b928bc3cd75966329429131a7fd6d1b667","0x208b02f98d36983982ea9c0cdc6b3208e0f198a3","20,050.7313","0xdac17f958d2ee523a2206206994597c13d831ec7","Tether USD","USDT",""
"0x33b3c382d9a90f0ac23186e25bae6ff4aba709ba4169666974d19bd6e245bf29","1638874907","2021-12-07 11:01:47","0x61368a18346a0694a2d627a445fdfa282f7d271d","0x208b02f98d36983982ea9c0cdc6b3208e0f198a3","11,100","0xdac17f958d2ee523a2206206994597c13d831ec7","Tether USD","USDT",""
"0x37f92fa6b8f668d61c609556caa94870fcba11105d3fcd4b68a669ff59f4d07d","1638876678","2021-12-07 11:31:18","0xb521154e8f8978f64567fe0fa7359ab47f7363fa","0x208b02f98d36983982ea9c0cdc6b3208e0f198a3","10,000","0xdac17f958d2ee523a2206206994597c13d831ec7","Tether USD","USDT",""
"0xe29c198d0c8f6517fb04ee5b77306de91f4fbe4a24b3b1d232f0f29139ceb7a8","1638879574","2021-12-07 12:19:34","0x02a325603c41c24e1897c74840b5c78950223366","0x208b02f98d36983982ea9c0cdc6b3208e0f198a3","10,100","0xdac17f958d2ee523a2206206994597c13d831ec7","Tether USD","USDT",""
"0xbe72d0fbd74d5ccac84d7748dfa82ba33eab97eaa17800b2a782c3218dffecbc","1638882704","2021-12-07 13:11:44","0xd79c0707083a92234f0ef5fd4bfba3cd2b7bc81d","0x208b02f98d36983982ea9c0cdc6b3208e0f198a3","24,420","0xdac17f958d2ee523a2206206994597c13d831ec7","Tether USD","USDT",""
"0xf920ba2e6a6aa24a073dd2765d4275cac4d10a831db2638546fefd86d5384a8a","1638883349","2021-12-07 13:22:29","0xfb81414570e338e28c98417c38a3a5c9c6503516","0x208b02f98d36983982ea9c0cdc6b3208e0f198a3","10,000","0xdac17f958d2ee523a2206206994597c13d831ec7","Tether USD","USDT",""
"0x07951704317fcc9530cbf65687fa48f4e0c1c58fb66679862957d5e3ebf42fc7","1638883869","2021-12-07 13:31:09","0xf6ea8168a1d1d5d36f22436ad2030d397a616619","0x208b02f98d36983982ea9c0cdc6b3208e0f198a3","10,000","0xdac17f958d2ee523a2206206994597c13d831ec7","Tether USD","USDT",""
"0xd12803665d237f6b4724c7376920b18dc708a5f8fdcedefb3a70fbea4d8d4d78","1638884391","2021-12-07 13:39:51","0x3a484fc4e7873bd79d0b9b05ed6067a549ec9f49","0x208b02f98d36983982ea9c0cdc6b3208e0f198a3","15,887","0xdac17f958d2ee523a2206206994597c13d831ec7","Tether USD","USDT",""
"0x741078ddc93bbcd9cb48497ac480bf2f908d090a3bcba16c58402279ed7d352c","1638884551","2021-12-07 13:42:31","0x8ac51a5d5921bf5640ddc6633f13fcd0d8e19be6","0x208b02f98d36983982ea9c0cdc6b3208e0f198a3","100,000","0xdac17f958d2ee523a2206206994597c13d831ec7","Tether USD","USDT",""
"0x86fd3ccaddc0b34dfced4f4919c7196187ec57de9476a7c0587ed018a1f2fd0d","1638884551","2021-12-07 13:42:31","0xf3143d244f33eb40252464d3b692fa519847b7a9","0x208b02f98d36983982ea9c0cdc6b3208e0f198a3","10,000.5","0xdac17f958d2ee523a2206206994597c13d831ec7","Tether USD","USDT",""
"0xf2363cfe71e8654e1de8e0d2e9d3eb1fa9422282d23e0f236d3abaafa0f7a35d","1638885702","2021-12-07 14:01:42","0xe28d49b487c9dd7054f4d9c74629a47079641747","0x208b02f98d36983982ea9c0cdc6b3208e0f198a3","70,000","0xdac17f958d2ee523a2206206994597c13d831ec7","Tether USD","USDT",""
"0xf5f5f87bc57eccf05ee2e160b9882ed2f86d07de71b772f734e4300e4bfa32b1","1638885827","2021-12-07 14:03:47","0xf33782f1384a931a3e66650c3741fcc279a838fc","0x208b02f98d36983982ea9c0cdc6b3208e0f198a3","20,040","0xdac17f958d2ee523a2206206994597c13d831ec7","Tether USD","USDT",""
"0xb0980a47dd6782e0e35b3aad0771ef0bdd6fb3d1baf5bdb50643056f05be4390","1638886362","2021-12-07 14:12:42","0xa136a3abc184bf70de3614822b2a6e6d8df018e5","0x208b02f98d36983982ea9c0cdc6b3208e0f198a3","10,000","0xdac17f958d2ee523a2206206994597c13d831ec7","Tether USD","USDT",""
"0xb6194c22ec4c1285d8926b0155f73714851fe50084d80b7e7e80cf2e5f991f63","1638886370","2021-12-07 14:12:50","0x667ba99128e89f23ab3f053973387f7456c72ac1","0x208b02f98d36983982ea9c0cdc6b3208e0f198a3","12,050","0xdac17f958d2ee523a2206206994597c13d831ec7","Tether USD","USDT",""
"0x6d85c81c659448b65383f93cfd4dc93be9a06baa38c28e88a02f8137f76dab9d","1638886510","2021-12-07 14:15:10","0x96c7fcc0d3426714bf62c4b508a0fbadb7a9b692","0x208b02f98d36983982ea9c0cdc6b3208e0f198a3","10,000","0xdac17f958d2ee523a2206206994597c13d831ec7","Tether USD","USDT",""
"0xd977a6d4f934545f4416827b3bbada3a2d74b7d329f8d952add64162a61b3a77","1638886651","2021-12-07 14:17:31","0xee74a1e81b6c55e3d02d05d7cae9fd6bcee0e651","0x208b02f98d36983982ea9c0cdc6b3208e0f198a3","24,000","0xdac17f958d2ee523a2206206994597c13d831ec7","Tether USD","USDT",""
"0xa7dcbab7d2d3fd84a305cac61ce57bd45fa049658712c64c4274755aa5c28f63","1638886792","2021-12-07 14:19:52","0x44e02b37c29d3689d95df1c87e6153cc7e2609aa","0x208b02f98d36983982ea9c0cdc6b3208e0f198a3","10,000","0xdac17f958d2ee523a2206206994597c13d831ec7","Tether USD","USDT",""
"0xa1d0daaf3b0102d017e118e17f50d3d0227bf246ba6bf4e3530e45d682d76e15","1638886995","2021-12-07 14:23:15","0xdaac8766ef95e86d839768f7eff7ed972ca30628","0x208b02f98d36983982ea9c0cdc6b3208e0f198a3","10,000","0xdac17f958d2ee523a2206206994597c13d831ec7","Tether USD","USDT",""
"0xd9b592cadd40b36ff4b477950aaf01a50e081e31f2abd4352104144677cc9d1d","1638887037","2021-12-07 14:23:57","0x7ae29f334d7cb67b58df5ae2a19f360f1fd3be75","0x208b02f98d36983982ea9c0cdc6b3208e0f198a3","10,000","0xdac17f958d2ee523a2206206994597c13d831ec7","Tether USD","USDT",""
"0xb87f4ff444a44b73765d072da2c63e6c8a6626542cb16b716fc14da8a776ec98","1638888138","2021-12-07 14:42:18","0xef88b12d4816776c0f0f36d42cf668edddf67d3e","0x208b02f98d36983982ea9c0cdc6b3208e0f198a3","27,514.305588","0xdac17f958d2ee523a2206206994597c13d831ec7","Tether USD","USDT",""
"0xcef4b85cc42c99fddb7075ac429d3215c8b44637f71ad6ef0e9db12a8171c8ce","1638889123","2021-12-07 14:58:43","0x64f8ef34ac5dc26410f2a1a0e2b4641189040231","0x208b02f98d36983982ea9c0cdc6b3208e0f198a3","10,000","0xdac17f958d2ee523a2206206994597c13d831ec7","Tether USD","USDT",""
"0xa919c0beb1d233bf3194eae54a389d8fd6849d4ddca02775cdd3bdc93c08ac58","1638890227","2021-12-07 15:17:07","0xa2cf94bf60b6a6c08488b756e6695d990574e9c7","0x208b02f98d36983982ea9c0cdc6b3208e0f198a3","10,000","0xdac17f958d2ee523a2206206994597c13d831ec7","Tether USD","USDT",""
"0x4f09fa21f74a53bfbb00c7aea9ed188ac8f794d9b0e489f09a98a885e5e38bbb","1638891638","2021-12-07 15:40:38","0xad5c1d11317c2b94cd3688fc692e19f3ec4632de","0x208b02f98d36983982ea9c0cdc6b3208e0f198a3","101,090.94832","0xdac17f958d2ee523a2206206994597c13d831ec7","Tether USD","USDT",""
"0x7c1c7735ffad621e001c7e61de74af27fc236ee9cddecbfabe82e45b431c87aa","1638891650","2021-12-07 15:40:50","0x617a60bc8d802e31e66fad00526b783a510d4eb8","0x208b02f98d36983982ea9c0cdc6b3208e0f198a3","32,100","0xdac17f958d2ee523a2206206994597c13d831ec7","Tether USD","USDT",""
"0xf78197717c8515210a30de74b2a2e63dda8e7cadbfa57c6add3d9945407742fb","1638893701","2021-12-07 16:15:01","0xdfa56e55811b6f9548f4cb876cc796a6a4071993","0x208b02f98d36983982ea9c0cdc6b3208e0f198a3","17,000","0xdac17f958d2ee523a2206206994597c13d831ec7","Tether USD","USDT",""
"0xdd6ac244e9205d9a18d2957acc492c010d64ccb363431c5c1b7688d5fec1df93","1638898511","2021-12-07 17:35:11","0x7f052861bf21f5208e7c0e30c9056a79e8314ba9","0x208b02f98d36983982ea9c0cdc6b3208e0f198a3","10,000","0xdac17f958d2ee523a2206206994597c13d831ec7","Tether USD","USDT",""
"0xd3275af93ce42c1cb938ec2a5904cf87b2b987f672006b67eb2113bae52ccdd4","1638899984","2021-12-07 17:59:44","0x239d5c0cfd4ed667ad78cdc7f3dcb17d09740a0d","0x208b02f98d36983982ea9c0cdc6b3208e0f198a3","10,000","0xdac17f958d2ee523a2206206994597c13d831ec7","Tether USD","USDT",""
"0xcc0bc707b3365d45722c2a6cb2bbe3304e0a38e6e69ce2eb4428ede57a7dbeb3","1638911325","2021-12-07 21:08:45","0x627dbe3eb5e9d6aadafc0642f06ef016abc5ef60","0x208b02f98d36983982ea9c0cdc6b3208e0f198a3","20,000","0xdac17f958d2ee523a2206206994597c13d831ec7","Tether USD","USDT",""
"0x605e974345c4944e8535e5dff9441abc5da801e07e22a37dd55446f0b3cc6d12","1638915374","2021-12-07 22:16:14","0x7dca2f7da83c26fcebc5b0562ba2f707ed8fe00b","0x208b02f98d36983982ea9c0cdc6b3208e0f198a3","100,736.997164","0xdac17f958d2ee523a2206206994597c13d831ec7","Tether USD","USDT",""
"0xdfd7a876f441ff4cc60a9620b1abc3878129ad245d43ec28cb47eeb211db686b","1638943359","2021-12-08 06:02:39","0xef88b12d4816776c0f0f36d42cf668edddf67d3e","0x208b02f98d36983982ea9c0cdc6b3208e0f198a3","2,500","0xdac17f958d2ee523a2206206994597c13d831ec7","Tether USD","USDT",""
"0xc7e1a21d31e586a041e7315321a183425c8c001c9e3fc7c865c9524187c218c9","1638944058","2021-12-08 06:14:18","0x11b815efb8f581194ae79006d24e0d814b7697f6","0x208b02f98d36983982ea9c0cdc6b3208e0f198a3","25,990.108232","0xdac17f958d2ee523a2206206994597c13d831ec7","Tether USD","USDT",""
